[
  {
    "id": 1,
    "first_name": "Nolly",
    "last_name": "Montfort",
    "email": "nmontfort0@archive.org",
    "gender": "Male",
    "ip_address": "6.125.126.90"
  },
  {
    "id": 2,
    "first_name": "Karim",
    "last_name": "Cordeux",
    "email": "kcordeux1@ft.com",
    "gender": "Male",
    "ip_address": "63.90.69.20"
  },
  {
    "id": 3,
    "first_name": "Jamil",
    "last_name": "Ealles",
    "email": "jealles2@yandex.ru",
    "gender": "Male",
    "ip_address": "79.137.13.3"
  },
  {
    "id": 4,
    "first_name": "Madlen",
    "last_name": "Ruslin",
    "email": "mruslin3@wordpress.com",
    "gender": "Female",
    "ip_address": "40.108.119.251"
  },
  {
    "id": 5,
    "first_name": "Oren",
    "last_name": "Horbart",
    "email": "ohorbart4@japanpost.jp",
    "gender": "Male",
    "ip_address": "22.165.113.116"
  },
  {
    "id": 6,
    "first_name": "Riobard",
    "last_name": "Wormstone",
    "email": "rwormstone5@cpanel.net",
    "gender": "Male",
    "ip_address": "13.24.39.142"
  },
  {
    "id": 7,
    "first_name": "Celka",
    "last_name": "Seman",
    "email": "cseman6@shutterfly.com",
    "gender": "Female",
    "ip_address": "242.34.93.99"
  },
  {
    "id": 8,
    "first_name": "Misty",
    "last_name": "Giveen",
    "email": "mgiveen7@slashdot.org",
    "gender": "Female",
    "ip_address": "10.234.208.101"
  },
  {
    "id": 9,
    "first_name": "Rosy",
    "last_name": "Eard",
    "email": "reard8@woothemes.com",
    "gender": "Female",
    "ip_address": "10.175.114.158"
  },
  {
    "id": 10,
    "first_name": "Crysta",
    "last_name": "Pecha",
    "email": "cpecha9@who.int",
    "gender": "Female",
    "ip_address": "40.113.116.170"
  },
  {
    "id": 11,
    "first_name": "Perrine",
    "last_name": "Ricson",
    "email": "pricsona@samsung.com",
    "gender": "Female",
    "ip_address": "18.128.58.55"
  },
  {
    "id": 12,
    "first_name": "Reagen",
    "last_name": "Heams",
    "email": "rheamsb@aol.com",
    "gender": "Male",
    "ip_address": "83.197.33.249"
  },
  {
    "id": 13,
    "first_name": "Fairlie",
    "last_name": "Spiers",
    "email": "fspiersc@purevolume.com",
    "gender": "Male",
    "ip_address": "73.216.181.217"
  },
  {
    "id": 14,
    "first_name": "Tiebout",
    "last_name": "Waleworke",
    "email": "twaleworked@gravatar.com",
    "gender": "Male",
    "ip_address": "205.136.244.51"
  },
  {
    "id": 15,
    "first_name": "Jacquenetta",
    "last_name": "Loomes",
    "email": "jloomese@technorati.com",
    "gender": "Female",
    "ip_address": "248.76.97.112"
  },
  {
    "id": 16,
    "first_name": "Clim",
    "last_name": "Stainsby",
    "email": "cstainsbyf@behance.net",
    "gender": "Male",
    "ip_address": "142.11.167.9"
  },
  {
    "id": 17,
    "first_name": "Christen",
    "last_name": "Forsey",
    "email": "cforseyg@cpanel.net",
    "gender": "Female",
    "ip_address": "100.38.246.132"
  },
  {
    "id": 18,
    "first_name": "Roth",
    "last_name": "Boultwood",
    "email": "rboultwoodh@google.com",
    "gender": "Male",
    "ip_address": "221.162.174.88"
  },
  {
    "id": 19,
    "first_name": "Ashien",
    "last_name": "Lindmark",
    "email": "alindmarki@mysql.com",
    "gender": "Female",
    "ip_address": "25.63.158.224"
  },
  {
    "id": 20,
    "first_name": "Leilah",
    "last_name": "Bremmell",
    "email": "lbremmellj@netvibes.com",
    "gender": "Female",
    "ip_address": "36.216.160.184"
  },
  {
    "id": 21,
    "first_name": "Laurent",
    "last_name": "Petschel",
    "email": "lpetschelk@etsy.com",
    "gender": "Male",
    "ip_address": "232.23.115.32"
  },
  {
    "id": 22,
    "first_name": "Carita",
    "last_name": "Tebb",
    "email": "ctebbl@networksolutions.com",
    "gender": "Female",
    "ip_address": "195.226.4.235"
  },
  {
    "id": 23,
    "first_name": "Junina",
    "last_name": "Ferrao",
    "email": "jferraom@npr.org",
    "gender": "Female",
    "ip_address": "100.174.101.81"
  },
  {
    "id": 24,
    "first_name": "Carlota",
    "last_name": "Sinclair",
    "email": "csinclairn@chron.com",
    "gender": "Female",
    "ip_address": "69.160.232.182"
  },
  {
    "id": 25,
    "first_name": "Hilton",
    "last_name": "Sutherel",
    "email": "hsutherelo@netscape.com",
    "gender": "Male",
    "ip_address": "142.252.46.89"
  },
  {
    "id": 26,
    "first_name": "Mychal",
    "last_name": "Tillard",
    "email": "mtillardp@blogger.com",
    "gender": "Male",
    "ip_address": "201.88.105.63"
  },
  {
    "id": 27,
    "first_name": "Sherwin",
    "last_name": "Jankin",
    "email": "sjankinq@myspace.com",
    "gender": "Male",
    "ip_address": "155.26.253.0"
  },
  {
    "id": 28,
    "first_name": "Fraser",
    "last_name": "Lacotte",
    "email": "flacotter@sciencedirect.com",
    "gender": "Male",
    "ip_address": "43.61.68.36"
  },
  {
    "id": 29,
    "first_name": "Crawford",
    "last_name": "Riseam",
    "email": "criseams@woothemes.com",
    "gender": "Male",
    "ip_address": "133.151.110.65"
  },
  {
    "id": 30,
    "first_name": "Roseanne",
    "last_name": "Carnduff",
    "email": "rcarndufft@springer.com",
    "gender": "Female",
    "ip_address": "193.47.109.80"
  },
  {
    "id": 31,
    "first_name": "Cross",
    "last_name": "Everwin",
    "email": "ceverwinu@hubpages.com",
    "gender": "Male",
    "ip_address": "6.168.15.10"
  },
  {
    "id": 32,
    "first_name": "Bentlee",
    "last_name": "Sloy",
    "email": "bsloyv@hugedomains.com",
    "gender": "Male",
    "ip_address": "41.120.120.139"
  },
  {
    "id": 33,
    "first_name": "Adria",
    "last_name": "Gwatkins",
    "email": "agwatkinsw@issuu.com",
    "gender": "Female",
    "ip_address": "213.116.183.214"
  },
  {
    "id": 34,
    "first_name": "Terry",
    "last_name": "Abell",
    "email": "tabellx@mapy.cz",
    "gender": "Female",
    "ip_address": "65.166.243.124"
  },
  {
    "id": 35,
    "first_name": "Jackquelin",
    "last_name": "Glasscock",
    "email": "jglasscocky@engadget.com",
    "gender": "Female",
    "ip_address": "168.12.219.102"
  },
  {
    "id": 36,
    "first_name": "Gardener",
    "last_name": "Claisse",
    "email": "gclaissez@barnesandnoble.com",
    "gender": "Male",
    "ip_address": "146.57.148.202"
  },
  {
    "id": 37,
    "first_name": "Dulcy",
    "last_name": "Gardiner",
    "email": "dgardiner10@photobucket.com",
    "gender": "Female",
    "ip_address": "219.189.105.74"
  },
  {
    "id": 38,
    "first_name": "Antonella",
    "last_name": "Allom",
    "email": "aallom11@cornell.edu",
    "gender": "Female",
    "ip_address": "200.161.108.233"
  },
  {
    "id": 39,
    "first_name": "Arie",
    "last_name": "Regi",
    "email": "aregi12@google.com.br",
    "gender": "Male",
    "ip_address": "162.100.145.32"
  },
  {
    "id": 40,
    "first_name": "Clayson",
    "last_name": "Ollivier",
    "email": "collivier13@archive.org",
    "gender": "Male",
    "ip_address": "69.59.36.235"
  },
  {
    "id": 41,
    "first_name": "Lorena",
    "last_name": "Arkil",
    "email": "larkil14@wired.com",
    "gender": "Female",
    "ip_address": "14.65.140.125"
  },
  {
    "id": 42,
    "first_name": "Coral",
    "last_name": "Spaice",
    "email": "cspaice15@indiatimes.com",
    "gender": "Female",
    "ip_address": "54.164.35.213"
  },
  {
    "id": 43,
    "first_name": "Ingunna",
    "last_name": "Mibourne",
    "email": "imibourne16@purevolume.com",
    "gender": "Female",
    "ip_address": "159.4.226.135"
  },
  {
    "id": 44,
    "first_name": "Cloris",
    "last_name": "Brockington",
    "email": "cbrockington17@amazon.co.uk",
    "gender": "Female",
    "ip_address": "187.1.205.195"
  },
  {
    "id": 45,
    "first_name": "Clemence",
    "last_name": "Scutts",
    "email": "cscutts18@spiegel.de",
    "gender": "Female",
    "ip_address": "220.60.235.107"
  },
  {
    "id": 46,
    "first_name": "Isabelita",
    "last_name": "Parysowna",
    "email": "iparysowna19@yolasite.com",
    "gender": "Female",
    "ip_address": "116.118.204.184"
  },
  {
    "id": 47,
    "first_name": "Adrien",
    "last_name": "Blacksell",
    "email": "ablacksell1a@springer.com",
    "gender": "Male",
    "ip_address": "109.51.34.56"
  },
  {
    "id": 48,
    "first_name": "Germaine",
    "last_name": "Hadlow",
    "email": "ghadlow1b@liveinternet.ru",
    "gender": "Female",
    "ip_address": "181.10.157.202"
  },
  {
    "id": 49,
    "first_name": "Abraham",
    "last_name": "Meeks",
    "email": "ameeks1c@cnet.com",
    "gender": "Male",
    "ip_address": "186.143.126.127"
  },
  {
    "id": 50,
    "first_name": "Doro",
    "last_name": "McReynolds",
    "email": "dmcreynolds1d@google.pl",
    "gender": "Female",
    "ip_address": "83.62.192.162"
  },
  {
    "id": 51,
    "first_name": "Elianore",
    "last_name": "McRobbie",
    "email": "emcrobbie1e@miitbeian.gov.cn",
    "gender": "Female",
    "ip_address": "80.254.200.55"
  },
  {
    "id": 52,
    "first_name": "Stormie",
    "last_name": "McBayne",
    "email": "smcbayne1f@wikia.com",
    "gender": "Female",
    "ip_address": "226.185.89.51"
  },
  {
    "id": 53,
    "first_name": "Margalo",
    "last_name": "Dupoy",
    "email": "mdupoy1g@shinystat.com",
    "gender": "Female",
    "ip_address": "155.209.149.136"
  },
  {
    "id": 54,
    "first_name": "Leticia",
    "last_name": "Lakeman",
    "email": "llakeman1h@washingtonpost.com",
    "gender": "Female",
    "ip_address": "67.169.175.222"
  },
  {
    "id": 55,
    "first_name": "Marj",
    "last_name": "Shackleton",
    "email": "mshackleton1i@auda.org.au",
    "gender": "Female",
    "ip_address": "235.141.34.70"
  },
  {
    "id": 56,
    "first_name": "Farlay",
    "last_name": "Poker",
    "email": "fpoker1j@springer.com",
    "gender": "Male",
    "ip_address": "78.240.236.33"
  },
  {
    "id": 57,
    "first_name": "Wilie",
    "last_name": "Blest",
    "email": "wblest1k@imdb.com",
    "gender": "Female",
    "ip_address": "60.171.236.36"
  },
  {
    "id": 58,
    "first_name": "Merl",
    "last_name": "Attrill",
    "email": "mattrill1l@constantcontact.com",
    "gender": "Female",
    "ip_address": "109.168.95.200"
  },
  {
    "id": 59,
    "first_name": "Malia",
    "last_name": "Bourbon",
    "email": "mbourbon1m@forbes.com",
    "gender": "Female",
    "ip_address": "159.163.172.1"
  },
  {
    "id": 60,
    "first_name": "Gothart",
    "last_name": "Wooster",
    "email": "gwooster1n@istockphoto.com",
    "gender": "Male",
    "ip_address": "168.198.29.153"
  },
  {
    "id": 61,
    "first_name": "Amelia",
    "last_name": "Byng",
    "email": "abyng1o@dion.ne.jp",
    "gender": "Female",
    "ip_address": "43.92.102.52"
  },
  {
    "id": 62,
    "first_name": "Sander",
    "last_name": "Audsley",
    "email": "saudsley1p@mapy.cz",
    "gender": "Male",
    "ip_address": "67.233.31.216"
  },
  {
    "id": 63,
    "first_name": "Carmine",
    "last_name": "Gomersall",
    "email": "cgomersall1q@yellowbook.com",
    "gender": "Male",
    "ip_address": "139.248.32.134"
  },
  {
    "id": 64,
    "first_name": "Dulci",
    "last_name": "Barford",
    "email": "dbarford1r@taobao.com",
    "gender": "Female",
    "ip_address": "161.38.247.194"
  },
  {
    "id": 65,
    "first_name": "Gretchen",
    "last_name": "Mathevet",
    "email": "gmathevet1s@seattletimes.com",
    "gender": "Female",
    "ip_address": "211.50.5.162"
  },
  {
    "id": 66,
    "first_name": "Belicia",
    "last_name": "Cessford",
    "email": "bcessford1t@so-net.ne.jp",
    "gender": "Female",
    "ip_address": "188.252.111.30"
  },
  {
    "id": 67,
    "first_name": "Dorette",
    "last_name": "Hele",
    "email": "dhele1u@independent.co.uk",
    "gender": "Female",
    "ip_address": "157.120.176.28"
  },
  {
    "id": 68,
    "first_name": "Quent",
    "last_name": "Giddings",
    "email": "qgiddings1v@ucoz.ru",
    "gender": "Male",
    "ip_address": "207.191.196.203"
  },
  {
    "id": 69,
    "first_name": "Melodie",
    "last_name": "Ruane",
    "email": "mruane1w@icio.us",
    "gender": "Female",
    "ip_address": "177.144.70.20"
  },
  {
    "id": 70,
    "first_name": "Eddy",
    "last_name": "Bloom",
    "email": "ebloom1x@mozilla.com",
    "gender": "Female",
    "ip_address": "191.99.108.210"
  },
  {
    "id": 71,
    "first_name": "Carola",
    "last_name": "DelaField",
    "email": "cdelafield1y@goodreads.com",
    "gender": "Female",
    "ip_address": "228.254.35.138"
  },
  {
    "id": 72,
    "first_name": "Margret",
    "last_name": "Durning",
    "email": "mdurning1z@cargocollective.com",
    "gender": "Female",
    "ip_address": "109.103.23.183"
  },
  {
    "id": 73,
    "first_name": "Dody",
    "last_name": "Joskowicz",
    "email": "djoskowicz20@cornell.edu",
    "gender": "Female",
    "ip_address": "136.95.193.172"
  },
  {
    "id": 74,
    "first_name": "Tedie",
    "last_name": "Drust",
    "email": "tdrust21@surveymonkey.com",
    "gender": "Male",
    "ip_address": "129.166.213.254"
  },
  {
    "id": 75,
    "first_name": "Egor",
    "last_name": "Rennels",
    "email": "erennels22@devhub.com",
    "gender": "Male",
    "ip_address": "166.46.34.215"
  },
  {
    "id": 76,
    "first_name": "Natalee",
    "last_name": "De Maine",
    "email": "ndemaine23@taobao.com",
    "gender": "Female",
    "ip_address": "104.221.246.137"
  },
  {
    "id": 77,
    "first_name": "Manon",
    "last_name": "Medwell",
    "email": "mmedwell24@examiner.com",
    "gender": "Female",
    "ip_address": "250.228.153.124"
  },
  {
    "id": 78,
    "first_name": "Arleen",
    "last_name": "Comi",
    "email": "acomi25@istockphoto.com",
    "gender": "Female",
    "ip_address": "82.225.79.224"
  },
  {
    "id": 79,
    "first_name": "Tommy",
    "last_name": "Danell",
    "email": "tdanell26@cmu.edu",
    "gender": "Female",
    "ip_address": "70.191.237.219"
  },
  {
    "id": 80,
    "first_name": "Dyanne",
    "last_name": "Monkhouse",
    "email": "dmonkhouse27@tamu.edu",
    "gender": "Female",
    "ip_address": "173.15.18.130"
  },
  {
    "id": 81,
    "first_name": "Garik",
    "last_name": "Sicha",
    "email": "gsicha28@scribd.com",
    "gender": "Male",
    "ip_address": "10.15.122.206"
  },
  {
    "id": 82,
    "first_name": "Goldia",
    "last_name": "Niche",
    "email": "gniche29@example.com",
    "gender": "Female",
    "ip_address": "50.207.253.235"
  },
  {
    "id": 83,
    "first_name": "Chiquia",
    "last_name": "Dillingstone",
    "email": "cdillingstone2a@mtv.com",
    "gender": "Female",
    "ip_address": "240.206.70.247"
  },
  {
    "id": 84,
    "first_name": "Rachel",
    "last_name": "Popland",
    "email": "rpopland2b@arstechnica.com",
    "gender": "Female",
    "ip_address": "150.241.87.31"
  },
  {
    "id": 85,
    "first_name": "Gayla",
    "last_name": "Genthner",
    "email": "ggenthner2c@i2i.jp",
    "gender": "Female",
    "ip_address": "105.124.80.152"
  },
  {
    "id": 86,
    "first_name": "Frederic",
    "last_name": "McGarrie",
    "email": "fmcgarrie2d@nature.com",
    "gender": "Male",
    "ip_address": "160.233.78.25"
  },
  {
    "id": 87,
    "first_name": "Agnese",
    "last_name": "Briton",
    "email": "abriton2e@over-blog.com",
    "gender": "Female",
    "ip_address": "139.231.48.134"
  },
  {
    "id": 88,
    "first_name": "Lilyan",
    "last_name": "Sargood",
    "email": "lsargood2f@shinystat.com",
    "gender": "Female",
    "ip_address": "64.37.14.10"
  },
  {
    "id": 89,
    "first_name": "Mimi",
    "last_name": "Burdfield",
    "email": "mburdfield2g@sciencedaily.com",
    "gender": "Female",
    "ip_address": "193.10.97.78"
  },
  {
    "id": 90,
    "first_name": "Haslett",
    "last_name": "Bente",
    "email": "hbente2h@npr.org",
    "gender": "Male",
    "ip_address": "158.137.163.111"
  },
  {
    "id": 91,
    "first_name": "Sophia",
    "last_name": "Riley",
    "email": "sriley2i@bloglovin.com",
    "gender": "Female",
    "ip_address": "167.184.253.129"
  },
  {
    "id": 92,
    "first_name": "Erinn",
    "last_name": "Brian",
    "email": "ebrian2j@nps.gov",
    "gender": "Female",
    "ip_address": "187.236.48.235"
  },
  {
    "id": 93,
    "first_name": "Norene",
    "last_name": "Berggren",
    "email": "nberggren2k@ibm.com",
    "gender": "Female",
    "ip_address": "53.106.20.196"
  },
  {
    "id": 94,
    "first_name": "Irv",
    "last_name": "Milesop",
    "email": "imilesop2l@spiegel.de",
    "gender": "Male",
    "ip_address": "190.186.103.236"
  },
  {
    "id": 95,
    "first_name": "Olivia",
    "last_name": "Landell",
    "email": "olandell2m@skype.com",
    "gender": "Female",
    "ip_address": "250.180.86.84"
  },
  {
    "id": 96,
    "first_name": "Wendell",
    "last_name": "Catonne",
    "email": "wcatonne2n@psu.edu",
    "gender": "Male",
    "ip_address": "210.249.95.145"
  },
  {
    "id": 97,
    "first_name": "Ede",
    "last_name": "Baylie",
    "email": "ebaylie2o@bing.com",
    "gender": "Female",
    "ip_address": "52.63.244.77"
  },
  {
    "id": 98,
    "first_name": "Anissa",
    "last_name": "Almon",
    "email": "aalmon2p@phpbb.com",
    "gender": "Female",
    "ip_address": "7.153.107.64"
  },
  {
    "id": 99,
    "first_name": "Laural",
    "last_name": "Dun",
    "email": "ldun2q@buzzfeed.com",
    "gender": "Female",
    "ip_address": "255.239.126.31"
  },
  {
    "id": 100,
    "first_name": "Calypso",
    "last_name": "Gippes",
    "email": "cgippes2r@xinhuanet.com",
    "gender": "Female",
    "ip_address": "97.252.84.122"
  }
]
